<ImportExportXml version="7.0.0002.0101" SolutionPackageVersion="7.0" languagecode="1033" generatedBy="OnPremise" xmlns:xsi="http://www.w3.org/2001/XMLSchema-instance">
  <SolutionManifest>
    <UniqueName>WebResourcesEditor</UniqueName>
    <LocalizedNames>
      <LocalizedName description="WebResources Editor" languagecode="1033" />
    </LocalizedNames>
    <Descriptions>
      <Description description="Based on the following libraries&#xA;&#xA;jQuery 2.1.1&#xA;CRM Fetch Kit  3.4.0&#xA;CodeMirror 5.22.0&#xA;Emmet&#xA;W2UI 1.5&#xA;SDK.Metadata (Microsoft SDK Demos)&#xA;&#xA;&#xA;v1.0.4 - added entity and attribute filter settings that can be saved&#xA;&#xA;v1.0.6 Bug fixes, tabs management, custom base 64 for save, help tab, general cleanup - removed readonly control&#xA;&#xA;v1.0.10  Added autocomplete of FetchXML, merge, cleanup&#xA;&#xA;v1.0.11 Fixed up dialogs&#xA;&#xA;v1.0.12 Hotkeys support - matching brackets - open/save/new - help update&#xA;&#xA;v1.0.15 subviews folding/unfolding rulers line number toggle&#xA;&#xA;v1.0.16 / v1.0.17   new features updated the fetchxml query dialog" languagecode="1033" />
    </Descriptions>
    <Version>1.0.17</Version>
    <Managed>1</Managed>
    <Publisher>
      <UniqueName>hanygreiss</UniqueName>
      <LocalizedNames>
        <LocalizedName description="Hany Greiss" languagecode="1033" />
      </LocalizedNames>
      <Descriptions />
      <EMailAddress xsi:nil="true"></EMailAddress>
      <SupportingWebsiteUrl xsi:nil="true"></SupportingWebsiteUrl>
      <CustomizationPrefix>hg</CustomizationPrefix>
      <CustomizationOptionValuePrefix>14023</CustomizationOptionValuePrefix>
      <Addresses>
        <Address>
          <AddressNumber>1</AddressNumber>
          <AddressTypeCode>1</AddressTypeCode>
          <City xsi:nil="true"></City>
          <County xsi:nil="true"></County>
          <Country xsi:nil="true"></Country>
          <Fax xsi:nil="true"></Fax>
          <FreightTermsCode xsi:nil="true"></FreightTermsCode>
          <ImportSequenceNumber xsi:nil="true"></ImportSequenceNumber>
          <Latitude xsi:nil="true"></Latitude>
          <Line1 xsi:nil="true"></Line1>
          <Line2 xsi:nil="true"></Line2>
          <Line3 xsi:nil="true"></Line3>
          <Longitude xsi:nil="true"></Longitude>
          <Name xsi:nil="true"></Name>
          <PostalCode xsi:nil="true"></PostalCode>
          <PostOfficeBox xsi:nil="true"></PostOfficeBox>
          <PrimaryContactName xsi:nil="true"></PrimaryContactName>
          <ShippingMethodCode>1</ShippingMethodCode>
          <StateOrProvince xsi:nil="true"></StateOrProvince>
          <Telephone1 xsi:nil="true"></Telephone1>
          <Telephone2 xsi:nil="true"></Telephone2>
          <Telephone3 xsi:nil="true"></Telephone3>
          <TimeZoneRuleVersionNumber xsi:nil="true"></TimeZoneRuleVersionNumber>
          <UPSZone xsi:nil="true"></UPSZone>
          <UTCOffset xsi:nil="true"></UTCOffset>
          <UTCConversionTimeZoneCode xsi:nil="true"></UTCConversionTimeZoneCode>
        </Address>
        <Address>
          <AddressNumber>2</AddressNumber>
          <AddressTypeCode>1</AddressTypeCode>
          <City xsi:nil="true"></City>
          <County xsi:nil="true"></County>
          <Country xsi:nil="true"></Country>
          <Fax xsi:nil="true"></Fax>
          <FreightTermsCode xsi:nil="true"></FreightTermsCode>
          <ImportSequenceNumber xsi:nil="true"></ImportSequenceNumber>
          <Latitude xsi:nil="true"></Latitude>
          <Line1 xsi:nil="true"></Line1>
          <Line2 xsi:nil="true"></Line2>
          <Line3 xsi:nil="true"></Line3>
          <Longitude xsi:nil="true"></Longitude>
          <Name xsi:nil="true"></Name>
          <PostalCode xsi:nil="true"></PostalCode>
          <PostOfficeBox xsi:nil="true"></PostOfficeBox>
          <PrimaryContactName xsi:nil="true"></PrimaryContactName>
          <ShippingMethodCode>1</ShippingMethodCode>
          <StateOrProvince xsi:nil="true"></StateOrProvince>
          <Telephone1 xsi:nil="true"></Telephone1>
          <Telephone2 xsi:nil="true"></Telephone2>
          <Telephone3 xsi:nil="true"></Telephone3>
          <TimeZoneRuleVersionNumber xsi:nil="true"></TimeZoneRuleVersionNumber>
          <UPSZone xsi:nil="true"></UPSZone>
          <UTCOffset xsi:nil="true"></UTCOffset>
          <UTCConversionTimeZoneCode xsi:nil="true"></UTCConversionTimeZoneCode>
        </Address>
      </Addresses>
    </Publisher>
    <RootComponents>
      <RootComponent type="61" schemaName="hg_/addon/comment/comment.js" />
      <RootComponent type="61" schemaName="hg_/addon/comment/continuecomment.js" />
      <RootComponent type="61" schemaName="hg_/addon/dialog/dialog.css" />
      <RootComponent type="61" schemaName="hg_/addon/dialog/dialog.js" />
      <RootComponent type="61" schemaName="hg_/addon/display/autorefresh.js" />
      <RootComponent type="61" schemaName="hg_/addon/display/fullscreen.css" />
      <RootComponent type="61" schemaName="hg_/addon/display/fullscreen.js" />
      <RootComponent type="61" schemaName="hg_/addon/display/panel.js" />
      <RootComponent type="61" schemaName="hg_/addon/display/placeholder.js" />
      <RootComponent type="61" schemaName="hg_/addon/display/rulers.js" />
      <RootComponent type="61" schemaName="hg_/addon/edit/closebrackets.js" />
      <RootComponent type="61" schemaName="hg_/addon/edit/closetag.js" />
      <RootComponent type="61" schemaName="hg_/addon/edit/continuelist.js" />
      <RootComponent type="61" schemaName="hg_/addon/edit/matchbrackets.js" />
      <RootComponent type="61" schemaName="hg_/addon/edit/matchtags.js" />
      <RootComponent type="61" schemaName="hg_/addon/edit/trailingspace.js" />
      <RootComponent type="61" schemaName="hg_/addon/fold/brace_fold.js" />
      <RootComponent type="61" schemaName="hg_/addon/fold/comment_fold.js" />
      <RootComponent type="61" schemaName="hg_/addon/fold/foldcode.js" />
      <RootComponent type="61" schemaName="hg_/addon/fold/foldgutter.css" />
      <RootComponent type="61" schemaName="hg_/addon/fold/foldgutter.js" />
      <RootComponent type="61" schemaName="hg_/addon/fold/indent_fold.js" />
      <RootComponent type="61" schemaName="hg_/addon/fold/markdown_fold.js" />
      <RootComponent type="61" schemaName="hg_/addon/fold/xml_fold.js" />
      <RootComponent type="61" schemaName="hg_/addon/hint/anyword_hint.js" />
      <RootComponent type="61" schemaName="hg_/addon/hint/css_hint.js" />
      <RootComponent type="61" schemaName="hg_/addon/hint/html_hint.js" />
      <RootComponent type="61" schemaName="hg_/addon/hint/javascript_hint.js" />
      <RootComponent type="61" schemaName="hg_/addon/hint/show_hint.css" />
      <RootComponent type="61" schemaName="hg_/addon/hint/show_hint.js" />
      <RootComponent type="61" schemaName="hg_/addon/hint/sql_hint.js" />
      <RootComponent type="61" schemaName="hg_/addon/hint/xml_hint.js" />
      <RootComponent type="61" schemaName="hg_/addon/lint/coffeescript_lint.js" />
      <RootComponent type="61" schemaName="hg_/addon/lint/css_lint.js" />
      <RootComponent type="61" schemaName="hg_/addon/lint/html_lint.js" />
      <RootComponent type="61" schemaName="hg_/addon/lint/javascript_lint.js" />
      <RootComponent type="61" schemaName="hg_/addon/lint/json_lint.js" />
      <RootComponent type="61" schemaName="hg_/addon/lint/lint.css" />
      <RootComponent type="61" schemaName="hg_/addon/lint/lint.js" />
      <RootComponent type="61" schemaName="hg_/addon/lint/yaml_lint.js" />
      <RootComponent type="61" schemaName="hg_/addon/merge/merge.css" />
      <RootComponent type="61" schemaName="hg_/addon/merge/merge.js" />
      <RootComponent type="61" schemaName="hg_/addon/mode/loadmode.js" />
      <RootComponent type="61" schemaName="hg_/addon/mode/multiplex.js" />
      <RootComponent type="61" schemaName="hg_/addon/mode/multiplex_test.js" />
      <RootComponent type="61" schemaName="hg_/addon/mode/overlay.js" />
      <RootComponent type="61" schemaName="hg_/addon/mode/simple.js" />
      <RootComponent type="61" schemaName="hg_/addon/runmode/colorize.js" />
      <RootComponent type="61" schemaName="hg_/addon/runmode/runmode.js" />
      <RootComponent type="61" schemaName="hg_/addon/runmode/runmode.node.js" />
      <RootComponent type="61" schemaName="hg_/addon/runmode/runmode_standalone.js" />
      <RootComponent type="61" schemaName="hg_/addon/scroll/annotatescrollbar.js" />
      <RootComponent type="61" schemaName="hg_/addon/scroll/scrollpastend.js" />
      <RootComponent type="61" schemaName="hg_/addon/scroll/simplescrollbars.css" />
      <RootComponent type="61" schemaName="hg_/addon/scroll/simplescrollbars.js" />
      <RootComponent type="61" schemaName="hg_/addon/search/jump_to_line.js" />
      <RootComponent type="61" schemaName="hg_/addon/search/matchesonscrollbar.css" />
      <RootComponent type="61" schemaName="hg_/addon/search/matchesonscrollbar.js" />
      <RootComponent type="61" schemaName="hg_/addon/search/match_highlighter.js" />
      <RootComponent type="61" schemaName="hg_/addon/search/search.js" />
      <RootComponent type="61" schemaName="hg_/addon/search/searchcursor.js" />
      <RootComponent type="61" schemaName="hg_/addon/selection/active_line.js" />
      <RootComponent type="61" schemaName="hg_/addon/selection/mark_selection.js" />
      <RootComponent type="61" schemaName="hg_/addon/selection/selection_pointer.js" />
      <RootComponent type="61" schemaName="hg_/addon/tern/tern.css" />
      <RootComponent type="61" schemaName="hg_/addon/tern/tern.js" />
      <RootComponent type="61" schemaName="hg_/addon/tern/worker.js" />
      <RootComponent type="61" schemaName="hg_/addon/wrap/hardwrap.js" />
      <RootComponent type="61" schemaName="hg_/images/book.png" />
      <RootComponent type="61" schemaName="hg_/images/bookmark.png" />
      <RootComponent type="61" schemaName="hg_/images/cancel.png" />
      <RootComponent type="61" schemaName="hg_/images/comment.png" />
      <RootComponent type="61" schemaName="hg_/images/delete.png" />
      <RootComponent type="61" schemaName="hg_/images/diff.png" />
      <RootComponent type="61" schemaName="hg_/images/dual.png" />
      <RootComponent type="61" schemaName="hg_/images/edit.png" />
      <RootComponent type="61" schemaName="hg_/images/find.png" />
      <RootComponent type="61" schemaName="hg_/images/folderopen.png" />
      <RootComponent type="61" schemaName="hg_/images/fontsize.png" />
      <RootComponent type="61" schemaName="hg_/images/fontsize16.png" />
      <RootComponent type="61" schemaName="hg_/images/format.png" />
      <RootComponent type="61" schemaName="hg_/images/help.png" />
      <RootComponent type="61" schemaName="hg_/images/information.png" />
      <RootComponent type="61" schemaName="hg_/images/json.png" />
      <RootComponent type="61" schemaName="hg_/images/jump.png" />
      <RootComponent type="61" schemaName="hg_/images/lines.png" />
      <RootComponent type="61" schemaName="hg_/images/link.png" />
      <RootComponent type="61" schemaName="hg_/images/new.png" />
      <RootComponent type="61" schemaName="hg_/images/newtab.png" />
      <RootComponent type="61" schemaName="hg_/images/open.png" />
      <RootComponent type="61" schemaName="hg_/images/openfile.png" />
      <RootComponent type="61" schemaName="hg_/images/publish.png" />
      <RootComponent type="61" schemaName="hg_/images/reddot.png" />
      <RootComponent type="61" schemaName="hg_/images/redo.png" />
      <RootComponent type="61" schemaName="hg_/images/refresh.png" />
      <RootComponent type="61" schemaName="hg_/images/reloadfunc.png" />
      <RootComponent type="61" schemaName="hg_/images/ruler.png" />
      <RootComponent type="61" schemaName="hg_/images/save.png" />
      <RootComponent type="61" schemaName="hg_/images/settings.png" />
      <RootComponent type="61" schemaName="hg_/images/small_delete.png" />
      <RootComponent type="61" schemaName="hg_/images/small_down.png" />
      <RootComponent type="61" schemaName="hg_/images/small_up_16.png" />
      <RootComponent type="61" schemaName="hg_/images/spacer.png" />
      <RootComponent type="61" schemaName="hg_/images/spaces.png" />
      <RootComponent type="61" schemaName="hg_/images/ui_icons_444444_256x240.png" />
      <RootComponent type="61" schemaName="hg_/images/ui_icons_555555_256x240.png" />
      <RootComponent type="61" schemaName="hg_/images/ui_icons_777620_256x240.png" />
      <RootComponent type="61" schemaName="hg_/images/ui_icons_777777_256x240.png" />
      <RootComponent type="61" schemaName="hg_/images/ui_icons_cc0000_256x240.png" />
      <RootComponent type="61" schemaName="hg_/images/ui_icons_ffffff_256x240.png" />
      <RootComponent type="61" schemaName="hg_/images/undo.png" />
      <RootComponent type="61" schemaName="hg_/images/uparrow.png" />
      <RootComponent type="61" schemaName="hg_/images/upload.png" />
      <RootComponent type="61" schemaName="hg_/images/vi.png" />
      <RootComponent type="61" schemaName="hg_/images/wait.gif" />
      <RootComponent type="61" schemaName="hg_/images/xml.png" />
      <RootComponent type="61" schemaName="hg_/keymap/emacs.js" />
      <RootComponent type="61" schemaName="hg_/keymap/sublime.js" />
      <RootComponent type="61" schemaName="hg_/keymap/vim.js" />
      <RootComponent type="61" schemaName="hg_/lib/codemirror.css" />
      <RootComponent type="61" schemaName="hg_/lib/codemirror.js" />
      <RootComponent type="61" schemaName="hg_/lib/snippets.json" />
      <RootComponent type="61" schemaName="hg_/mode/css/css.js" />
      <RootComponent type="61" schemaName="hg_/mode/htmlmixed/htmlmixed.js" />
      <RootComponent type="61" schemaName="hg_/mode/javascript/javascript.js" />
      <RootComponent type="61" schemaName="hg_/mode/xml/xml.js" />
      <RootComponent type="61" schemaName="hg_/theme/3024_day.css" />
      <RootComponent type="61" schemaName="hg_/theme/3024_night.css" />
      <RootComponent type="61" schemaName="hg_/theme/abcdef.css" />
      <RootComponent type="61" schemaName="hg_/theme/ambiance.css" />
      <RootComponent type="61" schemaName="hg_/theme/ambiance_mobile.css" />
      <RootComponent type="61" schemaName="hg_/theme/base16_dark.css" />
      <RootComponent type="61" schemaName="hg_/theme/base16_light.css" />
      <RootComponent type="61" schemaName="hg_/theme/bespin.css" />
      <RootComponent type="61" schemaName="hg_/theme/blackboard.css" />
      <RootComponent type="61" schemaName="hg_/theme/cobalt.css" />
      <RootComponent type="61" schemaName="hg_/theme/colorforth.css" />
      <RootComponent type="61" schemaName="hg_/theme/dracula.css" />
      <RootComponent type="61" schemaName="hg_/theme/duotone_dark.css" />
      <RootComponent type="61" schemaName="hg_/theme/duotone_light.css" />
      <RootComponent type="61" schemaName="hg_/theme/eclipse.css" />
      <RootComponent type="61" schemaName="hg_/theme/elegant.css" />
      <RootComponent type="61" schemaName="hg_/theme/erlang_dark.css" />
      <RootComponent type="61" schemaName="hg_/theme/hopscotch.css" />
      <RootComponent type="61" schemaName="hg_/theme/icecoder.css" />
      <RootComponent type="61" schemaName="hg_/theme/isotope.css" />
      <RootComponent type="61" schemaName="hg_/theme/lesser_dark.css" />
      <RootComponent type="61" schemaName="hg_/theme/liquibyte.css" />
      <RootComponent type="61" schemaName="hg_/theme/material.css" />
      <RootComponent type="61" schemaName="hg_/theme/mbo.css" />
      <RootComponent type="61" schemaName="hg_/theme/mdn_like.css" />
      <RootComponent type="61" schemaName="hg_/theme/midnight.css" />
      <RootComponent type="61" schemaName="hg_/theme/monokai.css" />
      <RootComponent type="61" schemaName="hg_/theme/neat.css" />
      <RootComponent type="61" schemaName="hg_/theme/neo.css" />
      <RootComponent type="61" schemaName="hg_/theme/night.css" />
      <RootComponent type="61" schemaName="hg_/theme/panda_syntax.css" />
      <RootComponent type="61" schemaName="hg_/theme/paraiso_dark.css" />
      <RootComponent type="61" schemaName="hg_/theme/paraiso_light.css" />
      <RootComponent type="61" schemaName="hg_/theme/pastel_on_dark.css" />
      <RootComponent type="61" schemaName="hg_/theme/railscasts.css" />
      <RootComponent type="61" schemaName="hg_/theme/rubyblue.css" />
      <RootComponent type="61" schemaName="hg_/theme/seti.css" />
      <RootComponent type="61" schemaName="hg_/theme/solarized.css" />
      <RootComponent type="61" schemaName="hg_/theme/the_matrix.css" />
      <RootComponent type="61" schemaName="hg_/theme/tomorrow_night_bright.css" />
      <RootComponent type="61" schemaName="hg_/theme/tomorrow_night_eighties.css" />
      <RootComponent type="61" schemaName="hg_/theme/ttcn.css" />
      <RootComponent type="61" schemaName="hg_/theme/twilight.css" />
      <RootComponent type="61" schemaName="hg_/theme/vibrant_ink.css" />
      <RootComponent type="61" schemaName="hg_/theme/xq_dark.css" />
      <RootComponent type="61" schemaName="hg_/theme/xq_light.css" />
      <RootComponent type="61" schemaName="hg_/theme/yeti.css" />
      <RootComponent type="61" schemaName="hg_/theme/zenburn.css" />
      <RootComponent type="61" schemaName="hg_32px.png" />
      <RootComponent type="61" schemaName="hg_acorn.js" />
      <RootComponent type="61" schemaName="hg_acorn_loose.js" />
      <RootComponent type="61" schemaName="hg_base64.js" />
      <RootComponent type="61" schemaName="hg_browser.json" />
      <RootComponent type="61" schemaName="hg_clipboard.js" />
      <RootComponent type="61" schemaName="hg_comment.js" />
      <RootComponent type="61" schemaName="hg_crmfetchkit.js" />
      <RootComponent type="61" schemaName="hg_crud.js" />
      <RootComponent type="61" schemaName="hg_def.js" />
      <RootComponent type="61" schemaName="hg_diff.png" />
      <RootComponent type="61" schemaName="hg_diff_match_patch.js" />
      <RootComponent type="61" schemaName="hg_doc_comment.js" />
      <RootComponent type="61" schemaName="hg_ecmascript.json" />
      <RootComponent type="61" schemaName="hg_emmet.js" />
      <RootComponent type="61" schemaName="hg_estraverse.js" />
      <RootComponent type="61" schemaName="hg_fetchxml.png" />
      <RootComponent type="61" schemaName="hg_infer.js" />
      <RootComponent type="61" schemaName="hg_jquery.js" />
      <RootComponent type="61" schemaName="hg_jquery.json" />
      <RootComponent type="61" schemaName="hg_jquery_ui.css" />
      <RootComponent type="61" schemaName="hg_jquery_ui.js" />
      <RootComponent type="61" schemaName="hg_jquery_ui_structure.css" />
      <RootComponent type="61" schemaName="hg_jquery_ui_theme.css" />
      <RootComponent type="61" schemaName="hg_jshint.js" />
      <RootComponent type="61" schemaName="hg_jstree.css" />
      <RootComponent type="61" schemaName="hg_jstree.js" />
      <RootComponent type="61" schemaName="hg_polyfill.js" />
      <RootComponent type="61" schemaName="hg_ruler.png" />
      <RootComponent type="61" schemaName="hg_sdk_metadata.js" />
      <RootComponent type="61" schemaName="hg_signal.js" />
      <RootComponent type="61" schemaName="hg_tern.js" />
      <RootComponent type="61" schemaName="hg_uparrow.png" />
      <RootComponent type="61" schemaName="hg_w2ui.css" />
      <RootComponent type="61" schemaName="hg_w2ui.js" />
      <RootComponent type="61" schemaName="hg_walk.js" />
      <RootComponent type="61" schemaName="hg_wredit.css" />
      <RootComponent type="61" schemaName="hg_wredit.html" />
      <RootComponent type="61" schemaName="hg_wredit_bu.html" />
      <RootComponent type="61" schemaName="hg_x.js" />
      <RootComponent type="61" schemaName="hg_xrm.js" />
      <RootComponent type="61" schemaName="hg_xxxx.html" />
    </RootComponents>
    <MissingDependencies />
  </SolutionManifest>
</ImportExportXml>